scientific_name,latitude,longitude
Bactris gasipaes,3.976222,-76.184472
Bactris gasipaes,-0.956542,-77.860912
Bactris gasipaes,0.183,-78.918167
Bactris gasipaes,0.123425,-78.620453
Bactris gasipaes,-0.4,-76.5333
Bactris gasipaes,0.183056,-78.912222
Bactris gasipaes,-0.320967,-78.95149
Bactris gasipaes,0.183056,-78.910833
Bactris gasipaes,-0.862441,-77.817915
Bactris gasipaes,-0.876667,-77.723056
Bactris gasipaes,-1.732811,-77.502221
Bactris gasipaes,-0.935412,-77.484913
Bactris gasipaes,-0.771111,-77.774444
Bactris gasipaes,-0.862525,-77.817903
Bactris gasipaes,-0.934237,-77.484678
Bactris gasipaes,-0.945386,-77.8483
Bactris gasipaes,-0.934112,-77.484656
Bactris gasipaes,-0.934184,-77.484719
Bactris gasipaes,-0.935238,-77.484884
Bactris gasipaes,-0.935116,-77.484878
Bactris gasipaes,-1.731609,-77.110349
Bactris gasipaes,-0.081197,-76.157733
Bactris gasipaes,-0.618168,-76.991501
Bactris gasipaes,-0.77133,-77.77409
Bactris gasipaes,-0.71377,-77.72102
Bactris gasipaes,-0.77272,-77.77869
Bactris gasipaes,-0.771958,-77.773763
Bactris gasipaes,-0.75048,-77.81812
Bactris gasipaes,-0.747529,-77.815998
Bactris gasipaes,-0.771958,-77.773763
Bactris gasipaes,-0.75173,-77.81797
Bactris gasipaes,0.525274,-79.201582
Bactris gasipaes,-0.749443,-77.787019
Bactris gasipaes,-0.83103,-77.77307
Bactris gasipaes,0.18308,-78.91812
Bactris gasipaes,-12.62,-72.25
Bactris gasipaes,-0.408445,-76.998797
Bactris gasipaes,-8.352887,-74.538131
Bactris gasipaes,-1.731613,-77.11039
Bactris gasipaes,-6.583743,-76.140874
Bactris gasipaes,-11.198837,-74.640847
Bactris gasipaes,3.528076,-76.497989
Bactris gasipaes,-1.045833,-77.711667
Bactris gasipaes,-2.280515,-78.117608
Bactris gasipaes,4.659922,-72.705058
Bactris gasipaes,-1.948091,-77.99523
Bactris gasipaes,-1.730662,-77.109161
Bactris gasipaes,0.12336,-78.62068
Bactris gasipaes,-0.23419,-79.442501
Bactris gasipaes,-0.235304,-79.166404
Bactris gasipaes,-1.041118,-77.79214
Bactris gasipaes,-1.539854,-78.181999
Bactris gasipaes,-2.36768,-78.191952
Bactris gasipaes,-3.821889,-70.252665
Bactris gasipaes,-3.818884,-70.340293
Bactris gasipaes,-3.82452,-70.253402
Bactris gasipaes,-3.824927,-70.252967
Bactris gasipaes,-3.819362,-70.345485
Bactris gasipaes,2.245213,-75.857021
Bactris gasipaes,-4.010749,-69.968001
Bactris gasipaes,-3.228751,-72.988743
Bactris gasipaes,4.043357,-73.638803
Bactris gasipaes,1.299663,-70.225992
Bactris gasipaes,6.840688,-73.731469
Bactris gasipaes,0.430997,-76.835142
Bactris gasipaes,-4.02663,-78.899765
Bactris gasipaes,6.3095,-75.063239
Bactris gasipaes,-12.906047,-71.399982
Bactris gasipaes,5.201258,-75.866592
Bactris gasipaes,-12.86014,-71.382397
Bactris gasipaes,-3.626414,-70.409088
Bactris gasipaes,-12.275272,-70.813482
Bactris gasipaes,9.629604,-75.346835
Bactris gasipaes,0.466225,-76.323211
Bactris gasipaes,0.466241,-76.323446
Bactris gasipaes,0.466742,-76.323339
Bactris gasipaes,0.477891,-76.32048
Bactris gasipaes,0.477914,-76.32047
Bactris gasipaes,0.477884,-76.320501
Bactris gasipaes,0.466225,-76.323211
Bactris gasipaes,0.466241,-76.323446
Bactris gasipaes,0.466742,-76.323339
Bactris gasipaes,0.476264,-76.322591
Bactris gasipaes,0.466241,-76.323446
Bactris gasipaes,0.466225,-76.323211
Bactris gasipaes,0.466742,-76.323339
Bactris gasipaes,0.476264,-76.322591
Bactris gasipaes,0.476264,-76.322591
Bactris gasipaes,5.595372,-74.942038
Bactris gasipaes,5.595372,-74.942038
Bactris gasipaes,5.595372,-74.942038
Bactris gasipaes,5.595372,-74.942038
Bactris gasipaes,5.563866,-74.923571
Bactris gasipaes,5.560605,-74.900764
Bactris gasipaes,5.560605,-74.900764
Bactris gasipaes,5.560605,-74.900764
Bactris gasipaes,5.560605,-74.900764
Bactris gasipaes,5.560605,-74.900764
Bactris gasipaes,10.313333,-68.227783
Bactris gasipaes,4.291368,-72.874985
Bactris gasipaes,4.294425,-72.876715
Bactris gasipaes,0.624056,-76.999333
Bactris gasipaes,4.222543,-72.474285
Bactris gasipaes,4.222493,-72.474424
Bactris gasipaes,6.91563,-71.53085
Bactris gasipaes,6.93892,-71.53342
Bactris gasipaes,6.93892,-71.53342
Bactris gasipaes,5.689439,-72.130052
Bactris gasipaes,5.821029,-72.164873
Bactris gasipaes,5.821029,-72.164873
Bactris gasipaes,5.821029,-72.164873
Bactris gasipaes,5.821029,-72.164873
Bactris gasipaes,5.821029,-72.164873
Bactris gasipaes,5.77675,-72.14366
Bactris gasipaes,5.77675,-72.14366
Bactris gasipaes,5.77675,-72.14366
Bactris gasipaes,5.710814,-72.171006
Bactris gasipaes,5.532292,-72.225257
Bactris gasipaes,5.500488,-72.175729
Bactris gasipaes,5.870031,-72.05648
Bactris gasipaes,5.517776,-72.182016
Bactris gasipaes,5.906221,-72.049881
Bactris gasipaes,5.668647,-72.20842
Bactris gasipaes,5.668647,-72.20842
Bactris gasipaes,5.668238,-72.208553
Bactris gasipaes,5.668238,-72.208553
Bactris gasipaes,5.668238,-72.208553
Bactris gasipaes,5.668238,-72.208553
Bactris gasipaes,0.430565,-76.835323
Bactris gasipaes,-12.913757,-69.517813
Bactris gasipaes,-0.852718,-77.791757
Bactris gasipaes,-0.371105,-79.655914
Bactris gasipaes,-0.356354,-78.838447
Bactris gasipaes,-0.434496,-79.949923
Bactris gasipaes,-0.715848,-77.719236
Bactris gasipaes,-1.524952,-78.012937
Bactris gasipaes,1.081549,-76.670239
Bactris gasipaes,0.18308,-78.91812
Bactris gasipaes,0.18308,-78.91812
Bactris gasipaes,-1.513847,-77.978989
Bactris gasipaes,-12.9965,-73.539809
Bactris gasipaes,-3.272772,-78.514947
Bactris gasipaes,-0.59,-79.36
Bactris gasipaes,-0.59,-79.36
Bactris gasipaes,-0.59,-79.36
Bactris gasipaes,-0.59,-79.36
Bactris gasipaes,-0.59,-79.36
Bactris gasipaes,-0.59,-79.36
Bactris gasipaes,-0.59,-79.36
Bactris gasipaes,-0.59,-79.36
Bactris gasipaes,-0.59,-79.36
Bactris gasipaes,-0.59,-79.36
Bactris gasipaes,-0.59,-79.36
Bactris gasipaes,-0.59,-79.36
Bactris gasipaes,-0.59,-79.36
Bactris gasipaes,-0.59,-79.36
Bactris gasipaes,-0.59,-79.36
Bactris gasipaes,-0.59,-79.36
Bactris gasipaes,-0.59,-79.36
Bactris gasipaes,-0.59,-79.36
Bactris gasipaes,-0.59,-79.36
Bactris gasipaes,-0.59,-79.36
Bactris gasipaes,-0.59,-79.36
Bactris gasipaes,-0.59,-79.36
Bactris gasipaes,-0.59,-79.36
Bactris gasipaes,-0.59,-79.36
Bactris gasipaes,-0.59,-79.36
Bactris gasipaes,-0.59,-79.36
Bactris gasipaes,-0.59,-79.36
Bactris gasipaes,-0.59,-79.36
Bactris gasipaes,-0.59,-79.36
Bactris gasipaes,-0.59,-79.36
Bactris gasipaes,-0.59,-79.36
Bactris gasipaes,-0.59,-79.36
Bactris gasipaes,-0.59,-79.36
Bactris gasipaes,-0.59,-79.36
Bactris gasipaes,-0.59,-79.36
Bactris gasipaes,-0.59,-79.36
Bactris gasipaes,-0.59,-79.36
Bactris gasipaes,-0.59,-79.36
Bactris gasipaes,-0.28,-79.13
Bactris gasipaes,-0.28,-79.13
Bactris gasipaes,-0.28,-79.13
Bactris gasipaes,-0.28,-79.13
Bactris gasipaes,-0.28,-79.13
Bactris gasipaes,-0.28,-79.13
Bactris gasipaes,-0.28,-79.13
Bactris gasipaes,-0.28,-79.13
Bactris gasipaes,-0.28,-79.13
Bactris gasipaes,-0.28,-79.13
Bactris gasipaes,-0.28,-79.13
Bactris gasipaes,-0.28,-79.13
Bactris gasipaes,-0.28,-79.13
Bactris gasipaes,-0.28,-79.13
Bactris gasipaes,-0.28,-79.13
Bactris gasipaes,-0.28,-79.13
Bactris gasipaes,-0.28,-79.13
Bactris gasipaes,-0.28,-79.13
Bactris gasipaes,-0.27,-79.13
Bactris gasipaes,-0.27,-79.13
Bactris gasipaes,-0.27,-79.13
Bactris gasipaes,-0.27,-79.13
Bactris gasipaes,-0.27,-79.13
Bactris gasipaes,-0.27,-79.13
Bactris gasipaes,-0.27,-79.13
Bactris gasipaes,-0.27,-79.13
Bactris gasipaes,-0.27,-79.13
Bactris gasipaes,-0.27,-79.13
Bactris gasipaes,-0.27,-79.13
Bactris gasipaes,-0.27,-79.13
Bactris gasipaes,-0.28,-79.13
Bactris gasipaes,-0.23,-79.15
Bactris gasipaes,-0.23,-79.15
Bactris gasipaes,-0.23,-79.15
Bactris gasipaes,-0.23,-79.15
Bactris gasipaes,-0.23,-79.15
Bactris gasipaes,-0.23,-79.15
Bactris gasipaes,-0.23,-79.15
Bactris gasipaes,-0.23,-79.15
Bactris gasipaes,-0.23,-79.15
Bactris gasipaes,-0.23,-79.15
Bactris gasipaes,-0.23,-79.15
Bactris gasipaes,-0.23,-79.15
Bactris gasipaes,-0.23,-79.15
Bactris gasipaes,-0.23,-79.15
Bactris gasipaes,-0.23,-79.15
Bactris gasipaes,-0.23,-79.15
Bactris gasipaes,-0.23,-79.15
Bactris gasipaes,-0.23,-79.15
Bactris gasipaes,-0.23,-79.15
Bactris gasipaes,-0.23,-79.15
Bactris gasipaes,-0.23,-79.15
Bactris gasipaes,-0.23,-79.15
Bactris gasipaes,-0.23,-79.15
Bactris gasipaes,-0.23,-79.15
Bactris gasipaes,-0.23,-79.15
Bactris gasipaes,-0.23,-79.15
Bactris gasipaes,-0.23,-79.15
Bactris gasipaes,-0.23,-79.15
Bactris gasipaes,-0.23,-79.15
Bactris gasipaes,-0.23,-79.15
Bactris gasipaes,-0.23,-79.15
Bactris gasipaes,-0.23,-79.15
Bactris gasipaes,-0.23,-79.15
Bactris gasipaes,-0.23,-79.15
Bactris gasipaes,-0.23,-79.15
Bactris gasipaes,-0.23,-79.15
Bactris gasipaes,-0.23,-79.15
Bactris gasipaes,-0.23,-79.15
Bactris gasipaes,-0.23,-79.15
Bactris gasipaes,-0.23,-79.15
Bactris gasipaes,-0.23,-79.15
Bactris gasipaes,-0.23,-79.15
Bactris gasipaes,-0.23,-79.15
Bactris gasipaes,-0.23,-79.15
Bactris gasipaes,-0.23,-79.15
Bactris gasipaes,-0.3,-79.05
Bactris gasipaes,-0.3,-79.05
Bactris gasipaes,-0.3,-79.05
Bactris gasipaes,-0.3,-79.05
Bactris gasipaes,-0.3,-79.05
Bactris gasipaes,-0.3,-79.05
Bactris gasipaes,-0.3,-79.05
Bactris gasipaes,-0.3,-79.05
Bactris gasipaes,-0.3,-79.05
Bactris gasipaes,-0.3,-79.05
Bactris gasipaes,-0.3,-79.05
Bactris gasipaes,-0.3,-79.05
Bactris gasipaes,-0.3,-79.04
Bactris gasipaes,-0.3,-79.04
Bactris gasipaes,-0.3,-79.04
Bactris gasipaes,-0.3,-79.04
Bactris gasipaes,-0.3,-79.04
Bactris gasipaes,-0.3,-79.04
Bactris gasipaes,-0.3,-79.04
Bactris gasipaes,-0.3,-79.04
Bactris gasipaes,-0.3,-79.04
Bactris gasipaes,-0.3,-79.04
Bactris gasipaes,-0.3,-79.04
Bactris gasipaes,-0.3,-79.04
Bactris gasipaes,-0.3,-79.04
Bactris gasipaes,-0.3,-79.04
Bactris gasipaes,-0.3,-79.04
Bactris gasipaes,-0.3,-79.04
Bactris gasipaes,-0.3,-79.04
Bactris gasipaes,-0.3,-79.04
Bactris gasipaes,-0.3,-79.04
Bactris gasipaes,-0.3,-79.04
Bactris gasipaes,-0.3,-79.04
Bactris gasipaes,-0.3,-79.04
Bactris gasipaes,-0.3,-79.04
Bactris gasipaes,-0.3,-79.04
Bactris gasipaes,-0.3,-79.04
Bactris gasipaes,-0.3,-79.04
Bactris gasipaes,-0.3,-79.04
Bactris gasipaes,-0.3,-79.04
Bactris gasipaes,-0.3,-79.04
Bactris gasipaes,-0.3,-79.04
Bactris gasipaes,-0.3,-79.04
Bactris gasipaes,-0.3,-79.04
Bactris gasipaes,-0.3,-79.04
Bactris gasipaes,-0.3,-79.04
Bactris gasipaes,-0.3,-79.04
Bactris gasipaes,-0.3,-79.04
Bactris gasipaes,-0.3,-79.04
Bactris gasipaes,-0.3,-79.04
Bactris gasipaes,-0.3,-79.04
Bactris gasipaes,-0.3,-79.05
Bactris gasipaes,-0.3,-79.05
Bactris gasipaes,-0.3,-79.05
Bactris gasipaes,-0.3,-79.05
Bactris gasipaes,-0.3,-79.05
Bactris gasipaes,-0.01,-79.39
Bactris gasipaes,-0.01,-79.39
Bactris gasipaes,-0.01,-79.39
Bactris gasipaes,-0.01,-79.39
Bactris gasipaes,-0.01,-79.39
Bactris gasipaes,-0.01,-79.39
Bactris gasipaes,-0.01,-79.39
Bactris gasipaes,-0.01,-79.39
Bactris gasipaes,-0.01,-79.39
Bactris gasipaes,-0.01,-79.39
Bactris gasipaes,-0.01,-79.39
Bactris gasipaes,-0.01,-79.39
Bactris gasipaes,-0.01,-79.39
Bactris gasipaes,-0.01,-79.39
Bactris gasipaes,-0.01,-79.39
Bactris gasipaes,-0.01,-79.39
Bactris gasipaes,-0.01,-79.39
Bactris gasipaes,-0.01,-79.39
Bactris gasipaes,-0.01,-79.39
Bactris gasipaes,-0.01,-79.39
Bactris gasipaes,-0.01,-79.39
Bactris gasipaes,-0.01,-79.39
Bactris gasipaes,-0.01,-79.39
Bactris gasipaes,-0.01,-79.38
Bactris gasipaes,-0.01,-79.38
Bactris gasipaes,-0.01,-79.38
Bactris gasipaes,-0.01,-79.38
Bactris gasipaes,-0.01,-79.38
Bactris gasipaes,-0.01,-79.38
Bactris gasipaes,-0.01,-79.38
Bactris gasipaes,-0.01,-79.38
Bactris gasipaes,-0.01,-79.38
Bactris gasipaes,-0.01,-79.38
Bactris gasipaes,-0.03,-79.4
Bactris gasipaes,-0.03,-79.4
Bactris gasipaes,-0.03,-79.4
Bactris gasipaes,-0.03,-79.4
Bactris gasipaes,-0.03,-79.4
Bactris gasipaes,-0.03,-79.4
Bactris gasipaes,-0.03,-79.4
Bactris gasipaes,-0.03,-79.4
Bactris gasipaes,-0.03,-79.4
Bactris gasipaes,-0.03,-79.4
Bactris gasipaes,-0.03,-79.4
Bactris gasipaes,-0.03,-79.4
Bactris gasipaes,-0.03,-79.4
Bactris gasipaes,-0.03,-79.4
Bactris gasipaes,-0.03,-79.4
Bactris gasipaes,-0.03,-79.4
Bactris gasipaes,-0.03,-79.4
Bactris gasipaes,-0.02,-79.39
Bactris gasipaes,-0.02,-79.39
Bactris gasipaes,-0.02,-79.39
Bactris gasipaes,-11.23,-73.7
Bactris gasipaes,-12.47,-69.08
Bactris gasipaes,-12.47,-69.08
Bactris gasipaes,-12.47,-69.08
Bactris gasipaes,-12.47,-69.08
Bactris gasipaes,-12.47,-69.08
Bactris gasipaes,-12.47,-69.08
Bactris gasipaes,-12.47,-69.08
Bactris gasipaes,-11.29,-69.51
Bactris gasipaes,-11.15,-69.55
Bactris gasipaes,-11.15,-69.55
Bactris gasipaes,-11.15,-69.55
Bactris gasipaes,-11.15,-69.55
Bactris gasipaes,-11.15,-69.55
Bactris gasipaes,-11.15,-69.55
Bactris gasipaes,-12.51,-68.8
Bactris gasipaes,-12.51,-68.8
Bactris gasipaes,-12.51,-68.8
Bactris gasipaes,-12.5,-68.85
Bactris gasipaes,-12.5,-68.85
Bactris gasipaes,-12.5,-68.85
Bactris gasipaes,-6.91,-75.24
Bactris gasipaes,-7.03,-75.09
Bactris gasipaes,-7.2,-75.07
Bactris gasipaes,-3.65,-73.3
Bactris gasipaes,-3.65,-73.3
Bactris gasipaes,-0.541122,-77.430533
Bactris gasipaes,10.246339,-73.739522
Bactris gasipaes,10.246339,-73.739522
Bactris gasipaes,10.246339,-73.739522
Bactris gasipaes,-12.706061,-73.779241
Bactris gasipaes,-0.87652,-77.722946
Bactris gasipaes,-0.771853,-77.773241
Bactris gasipaes,-3.647588,-79.555022
Bactris gasipaes,-0.77246,-77.774913
Bactris gasipaes,-1.044826,-77.757985
Bactris gasipaes,-0.875773,-77.725301
Bactris gasipaes,-0.945913,-77.830458
Bactris gasipaes,-1.050585,-77.691283
Bactris gasipaes,0.481124,-79.184665
Bactris gasipaes,0.182348,-77.240515
Bactris gasipaes,-0.96035,-77.881902
Bactris gasipaes,-3.54192,-78.645929
Bactris gasipaes,-3.600535,-78.54703
Bactris gasipaes,-0.270421,-79.54175
Bactris gasipaes,-0.121864,-80.127578
Bactris gasipaes,-0.118023,-80.129768
Bactris gasipaes,-1.047602,-77.667039
Bactris gasipaes,-0.407613,-77.000336
Bactris gasipaes,-3.55085,-78.661732
Bactris gasipaes,-3.636386,-78.563652
Bactris gasipaes,-1.064489,-77.639228
Bactris gasipaes,-1.505454,-78.072879
Bactris gasipaes,-0.964613,-77.889817
Bactris gasipaes,-3.583702,-78.51586
Bactris gasipaes,-4.082008,-78.967061
Bactris gasipaes,-3.610603,-78.52858
Bactris gasipaes,-0.994516,-77.818618
Bactris gasipaes,-0.994514,-77.818786
Bactris gasipaes,-3.550967,-78.661647
Bactris gasipaes,-3.659147,-78.495568
Bactris gasipaes,-0.950944,-77.859242
Bactris gasipaes,0.16267,-79.064007
Bactris gasipaes,-0.735573,-76.887994
Bactris gasipaes,-0.315329,-78.95866
Bactris gasipaes,-0.321441,-78.951614
Bactris gasipaes,-0.694161,-77.730436
Bactris gasipaes,-1.068823,-80.886806
Bactris gasipaes,-0.439986,-80.348797
Bactris gasipaes,-3.628209,-78.580953
Bactris gasipaes,-0.985972,-77.810583
Bactris gasipaes,-3.337762,-79.739288
Bactris gasipaes,0.249163,-79.540765
Bactris gasipaes,-0.995596,-77.812968
Bactris gasipaes,-0.992607,-77.817595
Bactris gasipaes,0.154742,-79.224393
Bactris gasipaes,0.137791,-76.275639
Bactris gasipaes,0.131287,-78.676438
Bactris gasipaes,-0.077798,-78.989397
Bactris gasipaes,-0.987579,-77.811533
Bactris gasipaes,-1.831239,-78.183406
Bactris gasipaes,-0.925299,-77.820593
Bactris gasipaes,-0.96491,-77.857163
Bactris gasipaes,-0.892961,-77.807283
Bactris gasipaes,-4.085844,-78.93903
Bactris gasipaes,-1.652049,-77.916986
Bactris gasipaes,0.308986,-78.779328
Bactris gasipaes,0.0012,-78.939298
Bactris gasipaes,-3.33489,-79.706587
Bactris gasipaes,4.609187,-75.789995
Bactris gasipaes,-0.321388,-78.951713
Bactris gasipaes,-3.33497,-79.706908
Bactris gasipaes,10.451848,-74.051518
Bactris gasipaes,-3.446899,-78.464081
Bactris gasipaes,-1.617782,-77.8406
Bactris gasipaes,4.668259,-75.892707
Bactris gasipaes,4.668259,-75.892707
Bactris gasipaes,4.668259,-75.892707
Bactris gasipaes,4.413275,-75.93177
Bactris gasipaes,4.103324,-76.381972
Bactris gasipaes,4.163621,-76.34388
Bactris gasipaes,1.136778,-78.030806
Bactris gasipaes,6.114441,-77.397137
Bactris gasipaes,5.560244,-67.491053
Bactris gasipaes,-12.625454,-69.190221
Bactris gasipaes,1.304438,-75.980806
Bactris gasipaes,3.534612,-76.75341
Bactris gasipaes,5.154269,-74.167228
Bactris gasipaes,-4.201231,-69.943694
Bactris gasipaes,-3.736369,-70.493891
Bactris gasipaes,5.154269,-74.167228
Bactris gasipaes,5.154269,-74.167228
Bactris gasipaes,0.266667,-74.8667
Bactris gasipaes,5.154269,-74.167228
Bactris gasipaes,-0.317784,-78.927418
Bactris gasipaes,7.013,-76.280723
Bactris gasipaes,7.012218,-76.284614
Bactris gasipaes,7.012218,-76.284614
Bactris gasipaes,7.012218,-76.284614
Bactris gasipaes,7.012344,-76.284529
Bactris gasipaes,7.012344,-76.284529
Bactris gasipaes,7.012218,-76.284614
Bactris gasipaes,7.012218,-76.284614
Bactris gasipaes,7.012218,-76.284614
Bactris gasipaes,7.012344,-76.284529
Bactris gasipaes,7.012344,-76.284529
Bactris gasipaes,7.012344,-76.284529
Bactris gasipaes,7.012344,-76.284529
Bactris gasipaes,7.010929,-76.284731
Bactris gasipaes,11.25,-73.5
Bactris gasipaes,11.25,-73.5
Bactris gasipaes,11.25,-73.5
Bactris gasipaes,11.25,-73.5
Bactris gasipaes,11.25,-73.5
Bactris gasipaes,11.248761,-73.66724
Bactris gasipaes,11.248761,-73.66724
Bactris gasipaes,11.248761,-73.66724
Bactris gasipaes,11.248761,-73.66724
Bactris gasipaes,11.248761,-73.66724
Bactris gasipaes,11.248761,-73.66724
Bactris gasipaes,9.883339,-75.199972
Bactris gasipaes,9.883339,-75.199972
Bactris gasipaes,9.883339,-75.199972
Bactris gasipaes,9.883339,-75.199972
Bactris gasipaes,9.883339,-75.199972
Bactris gasipaes,9.883339,-75.199972
Bactris gasipaes,9.883339,-75.199972
Bactris gasipaes,9.883339,-75.199972
Bactris gasipaes,-9.616,-74.933
Bactris gasipaes,-0.233,-79.133
Bactris gasipaes,-0.733,-79.466
Bactris gasipaes,-2.633,-78.216
Bactris gasipaes,-0.3,-76.866
Bactris gasipaes,-0.333,-79.75
Bactris gasipaes,-0.533,-76.383
Bactris gasipaes,-12.519,-68.806
Bactris gasipaes,-7.033,-75.09
Bactris gasipaes,-6.903,-75.284
Bactris gasipaes,-7.206,-75.073
Bactris gasipaes,-0.9,-77.816
Bactris gasipaes,-0.662,-76.666
Bactris gasipaes,-0.033,-76.7
Bactris gasipaes,-1.042,-76.886
Bactris gasipaes,-1.042,-76.886
Bactris gasipaes,-1.566,-80.666
Bactris gasipaes,-3.726135,-79.669708
Bactris gasipaes,-12.60448,-69.13715
Bactris gasipaes,3.267862,-73.913244
Bactris gasipaes,1.265405,-78.66301
Bactris gasipaes,0.891311,-78.506696
Bactris gasipaes,5.320454,-76.450156
Bactris gasipaes,5.320454,-76.450156
Bactris gasipaes,5.320454,-76.450156
Bactris gasipaes,5.320454,-76.450156
Bactris gasipaes,5.320454,-76.450156
Bactris gasipaes,5.328194,-76.451576
Bactris gasipaes,5.328194,-76.451576
Bactris gasipaes,-0.990343,-77.83755
Bactris gasipaes,-4.3283,-78.67
Bactris gasipaes,-4.3283,-78.67
Bactris gasipaes,-4.3158,-78.6656
Bactris gasipaes,-4.3158,-78.6656
Bactris gasipaes,-3.4528,-78.5514
Bactris gasipaes,-3.0387,-78.0964
Bactris gasipaes,-3.0387,-78.0964
Bactris gasipaes,-3.4525,-78.5811
Bactris gasipaes,-3.701419,-79.819431
Bactris gasipaes,-3.75,-78.6
Bactris gasipaes,-3.933333,-79.7333
Bactris gasipaes,-3.3375,-79.598611
Bactris gasipaes,-4.058531,-78.947793
Bactris gasipaes,-10.18333,-75.56666
Bactris gasipaes,-6.526333,-77.518611
Bactris gasipaes,0.13333,-77.45
Bactris gasipaes,-10.37666,-75.07166
Bactris gasipaes,-0.533333,-76.383333
Bactris gasipaes,-10.37666,-75.07166
Bactris gasipaes,-10.37666,-75.07166
Bactris gasipaes,6.723436,-71.749697
Bactris gasipaes,-1.690847,-80.805499
Bactris gasipaes,-3.337339,-79.718747
Bactris gasipaes,-0.915035,-77.797117
Bactris gasipaes,-10.18333,-75.56666
Bactris gasipaes,-0.6625,-76.66666
Bactris gasipaes,0.08333,-77.43333
Bactris gasipaes,-10.37666,-75.07166
Bactris gasipaes,-1.0425,-76.88638
Bactris gasipaes,-1.0425,-76.886389
Bactris gasipaes,4.930776,-76.367974
Bactris gasipaes,-2.15,-79.98333
Bactris gasipaes,0.76666,-78.9
Bactris gasipaes,-12.904155,-71.401125
Bactris gasipaes,0.500488,-76.322013
Bactris gasipaes,0.500488,-76.322013
Bactris gasipaes,0.500488,-76.322013
Bactris gasipaes,0.489333,-76.320977
Bactris gasipaes,0.489089,-76.321143
Bactris gasipaes,0.466225,-76.323211
Bactris gasipaes,0.466241,-76.323446
Bactris gasipaes,0.466742,-76.323339
Bactris gasipaes,0.475124,-76.323496
Bactris gasipaes,0.475124,-76.323496
Bactris gasipaes,0.474055,-76.328524
Bactris gasipaes,0.474055,-76.328524
Bactris gasipaes,0.48731,-76.321548
Bactris gasipaes,1.06464,-76.31986
Bactris gasipaes,5.958741,-75.107326
Bactris gasipaes,5.951503,-75.107597
Bactris gasipaes,5.95159,-75.107583
Bactris gasipaes,5.96065,-75.10726
Bactris gasipaes,6.012078,-75.096193
Bactris gasipaes,5.966189,-75.106297
Bactris gasipaes,5.958972,-75.107298
Bactris gasipaes,5.966677,-75.105989
Bactris gasipaes,5.96669,-75.106022
Bactris gasipaes,6.034976,-75.110531
Bactris gasipaes,6.035298,-75.110681
Bactris gasipaes,5.966663,-75.105992
Bactris gasipaes,5.966342,-75.106185
Bactris gasipaes,6.016954,-75.098588
Bactris gasipaes,5.956465,-75.107553
Bactris gasipaes,6.024698,-75.1064
Bactris gasipaes,5.995263,-75.098239
Bactris gasipaes,6.013912,-75.096963
Bactris gasipaes,6.01393,-75.097009
Bactris gasipaes,6.015543,-75.097886
Bactris gasipaes,5.942865,-75.107934
Bactris gasipaes,5.949342,-75.107308
Bactris gasipaes,5.940726,-75.111998
Bactris gasipaes,6.03763,-75.113433
Bactris gasipaes,5.951807,-75.107561
Bactris gasipaes,5.951708,-75.107622
Bactris gasipaes,5.951568,-75.107613
Bactris gasipaes,5.951896,-75.107544
Bactris gasipaes,5.95405,-75.107575
Bactris gasipaes,5.949835,-75.107359
Bactris gasipaes,6.018889,-75.099687
Bactris gasipaes,-0.75387,-77.468325
Bactris gasipaes,7.339053,-73.868545
Bactris gasipaes,7.386581,-73.865882
Bactris gasipaes,7.385693,-73.866361
Bactris gasipaes,7.385693,-73.866361
Bactris gasipaes,5.886739,-74.853078
Bactris gasipaes,4.5171,-75.9029
Bactris gasipaes,4.3474,-75.8041
Bactris gasipaes,5.952778,-76.764833
Bactris gasipaes,10.234453,-75.501422
Bactris gasipaes,0.067392,-78.945963
Bactris gasipaes,-0.858222,-91.017361
Bactris gasipaes,6.920987,-73.585747
Bactris gasipaes,6.997576,-73.538853
Bactris gasipaes,6.997576,-73.538853
Bactris gasipaes,6.997576,-73.538853
Bactris gasipaes,6.947213,-73.67714
Bactris gasipaes,6.947213,-73.67714
Bactris gasipaes,6.900863,-73.589975
Bactris gasipaes,7.024546,-73.651824
Bactris gasipaes,6.920987,-73.585747
Bactris gasipaes,6.920987,-73.585747
Bactris gasipaes,0.384139,-78.752728
Bactris gasipaes,4.878944,-73.240583
Bactris gasipaes,4.878944,-73.240583
Bactris gasipaes,4.878944,-73.240583
Bactris gasipaes,4.878944,-73.240583
Bactris gasipaes,4.878944,-73.240583
Bactris gasipaes,4.878944,-73.240583
Bactris gasipaes,4.878944,-73.240583
Bactris gasipaes,4.878944,-73.240583
Bactris gasipaes,4.878944,-73.240583
Bactris gasipaes,4.878944,-73.240583
Bactris gasipaes,4.878944,-73.240583
Bactris gasipaes,4.878944,-73.240583
Bactris gasipaes,4.878944,-73.240583
Bactris gasipaes,4.878944,-73.240583
Bactris gasipaes,4.878944,-73.240583
Bactris gasipaes,4.878944,-73.240583
Bactris gasipaes,0.124909,-78.630222
Bactris gasipaes,-3.749512,-78.631278
Bactris gasipaes,5.659998,-74.181664
Bactris gasipaes,6.224564,-77.403439
Bactris gasipaes,-3.91667,-73.75
Bactris gasipaes,-0.40471,-79.905706
Bactris gasipaes,7.342833,-73.707375
Bactris gasipaes,7.342833,-73.707375
Bactris gasipaes,7.342833,-73.707375
Bactris gasipaes,-0.963805,-77.8591
Bactris gasipaes,4.224736,-73.492206
Bactris gasipaes,1.473611,-75.549528
Bactris gasipaes,1.473611,-75.549528
Bactris gasipaes,1.473611,-75.549444
Bactris gasipaes,5.995618,-75.054949
Bactris gasipaes,5.995618,-75.054949
Bactris gasipaes,5.989918,-75.009184
Bactris gasipaes,5.980528,-74.980194
Bactris gasipaes,5.980589,-74.979741
Bactris gasipaes,5.980572,-74.980258
Bactris gasipaes,6.009603,-75.09395
Bactris gasipaes,6.009449,-75.081023
Bactris gasipaes,5.981069,-74.918194
Bactris gasipaes,5.990028,-75.024672
Bactris gasipaes,5.990019,-75.024682
Bactris gasipaes,5.975929,-74.901297
Bactris gasipaes,5.981993,-74.990833
Bactris gasipaes,5.981993,-74.990833
Bactris gasipaes,5.989757,-75.009007
Bactris gasipaes,5.98214,-74.991751
Bactris gasipaes,5.982095,-74.99161
Bactris gasipaes,5.981003,-74.986888
Bactris gasipaes,5.980985,-74.986826
Bactris gasipaes,5.980556,-74.980339
Bactris gasipaes,5.980605,-74.980854
Bactris gasipaes,5.910209,-74.850014
Bactris gasipaes,5.980522,-74.980359
Bactris gasipaes,6.006683,-75.071719
Bactris gasipaes,5.980522,-74.980359
Bactris gasipaes,5.969005,-74.873297
Bactris gasipaes,5.935142,-74.852875
Bactris gasipaes,5.935104,-74.852808
Bactris gasipaes,5.986588,-75.000681
Bactris gasipaes,5.986775,-75.001245
Bactris gasipaes,5.987434,-75.00386
Bactris gasipaes,5.98065,-74.979353
Bactris gasipaes,5.980632,-74.979309
Bactris gasipaes,5.995693,-75.054949
Bactris gasipaes,5.995693,-75.054949
Bactris gasipaes,5.49961,-76.54796
Bactris gasipaes,5.49961,-76.54796
Bactris gasipaes,-0.701501,-77.723398
Bactris gasipaes,-0.726992,-77.684705
Bactris gasipaes,-0.721523,-77.707962
Bactris gasipaes,-0.701666,-77.035958
Bactris gasipaes,4.633298,-73.269247
Bactris gasipaes,4.633298,-73.269247
Bactris gasipaes,4.633298,-73.269247
Bactris gasipaes,4.768588,-73.243105
Bactris gasipaes,4.553813,-73.361726
Bactris gasipaes,4.761979,-73.249206
Bactris gasipaes,4.758373,-73.263146
Bactris gasipaes,4.758373,-73.263146
Bactris gasipaes,4.758373,-73.263146
Bactris gasipaes,4.685938,-73.288566
Bactris gasipaes,4.685938,-73.288566
Bactris gasipaes,4.684688,-73.252732
Bactris gasipaes,4.684688,-73.252732
Bactris gasipaes,4.675843,-73.302991
Bactris gasipaes,4.773044,-73.258415
Bactris gasipaes,4.729592,-73.285611
Bactris gasipaes,4.729592,-73.285611
Bactris gasipaes,4.637413,-73.286869
Bactris gasipaes,4.735327,-73.275042
Bactris gasipaes,4.727383,-73.280967
Bactris gasipaes,4.678925,-73.267745
Bactris gasipaes,4.604364,-73.29907
Bactris gasipaes,4.604364,-73.29907
Bactris gasipaes,4.773044,-73.258415
Bactris gasipaes,4.722177,-73.293513
Bactris gasipaes,4.722177,-73.293513
Bactris gasipaes,4.722177,-73.293513
Bactris gasipaes,4.722177,-73.293513
Bactris gasipaes,4.707822,-73.306334
Bactris gasipaes,4.761979,-73.249206
Bactris gasipaes,4.772601,-73.24023
Bactris gasipaes,4.772601,-73.24023
Bactris gasipaes,-0.699731,-77.724213
Bactris gasipaes,4.335944,-76.081861
Bactris gasipaes,4.335944,-76.081861
Bactris gasipaes,4.335944,-76.081861
Bactris gasipaes,4.335944,-76.081861
Bactris gasipaes,4.335944,-76.081861
Bactris gasipaes,4.335944,-76.081861
Bactris gasipaes,4.335944,-76.081861
Bactris gasipaes,4.335944,-76.081861
Bactris gasipaes,4.335944,-76.081861
Bactris gasipaes,4.335944,-76.081861
Bactris gasipaes,4.335944,-76.081861
Bactris gasipaes,4.335944,-76.081861
Bactris gasipaes,4.335944,-76.081861
Bactris gasipaes,4.335944,-76.081861
Bactris gasipaes,4.335944,-76.081861
Bactris gasipaes,6.092792,-77.410997
Bactris gasipaes,-0.082604,-79.459138
Bactris gasipaes,4.518532,-76.292277
Bactris gasipaes,-0.279661,-79.07334
Bactris gasipaes,-0.265522,-78.786397
Bactris gasipaes,-0.01625,-74.789944
Bactris gasipaes,6.173731,-73.432361
Bactris gasipaes,6.173731,-73.432361
Bactris gasipaes,6.173731,-73.432361
Bactris gasipaes,6.173731,-73.432361
Bactris gasipaes,6.173731,-73.432361
Bactris gasipaes,6.79227,-73.47971
Bactris gasipaes,6.79227,-73.47971
Bactris gasipaes,6.79227,-73.47971
Bactris gasipaes,-0.333983,-78.891575
Bactris gasipaes,-3.611836,-78.606452
Bactris gasipaes,-3.624283,-78.411804
Bactris gasipaes,8.31218,-75.657618
Bactris gasipaes,-0.720639,-77.749607
Bactris gasipaes,7.128257,-75.331157
Bactris gasipaes,7.043899,-75.362743
Bactris gasipaes,-1.526463,-77.971713
Bactris gasipaes,-10.247,-75.144
Bactris gasipaes,-4.023478,-78.882856
Bactris gasipaes,-4.139015,-78.939663
Bactris gasipaes,2.795136,-73.116797
Bactris gasipaes,-5.650739,-73.99205
Bactris gasipaes,0.131287,-78.676438
Bactris gasipaes,0.053984,-79.038972
Bactris gasipaes,0.131287,-78.676438
Bactris gasipaes,-4.182394,-69.942481
Bactris gasipaes,-0.212307,-79.115189
Bactris gasipaes,-0.088931,-76.142299
Bactris gasipaes,-0.0807,-76.876875
Bactris gasipaes,0.027458,-77.364687
Bactris gasipaes,-4.266,-78.616
Bactris gasipaes,-3.683,-79.633
Bactris gasipaes,0.766,-78.9
Bactris gasipaes,-0.666,-80.066
Bactris gasipaes,0.966,-78.333
Bactris gasipaes,-4.5,-78.5
Bactris gasipaes,-4.332,-78.68
Bactris gasipaes,-3.224495,-72.928921
Bactris gasipaes,-1.043822,-77.714209
Bactris gasipaes,-1.043822,-77.714209
Bactris gasipaes,6.699083,-76.5605
Bactris gasipaes,-0.994213,-77.815912
Bactris gasipaes,-0.995921,-77.813523
Bactris gasipaes,-0.986308,-77.80994
Bactris gasipaes,-0.988787,-77.824149
Bactris gasipaes,-0.995549,-77.816879
Bactris gasipaes,-0.986798,-77.82365
Bactris gasipaes,-0.991491,-77.815835
Bactris gasipaes,-0.995695,-77.817042
Bactris gasipaes,-0.995576,-77.816895
Bactris gasipaes,-1.18818,-77.975479
Bactris gasipaes,-0.979705,-77.812867
Bactris gasipaes,-0.994392,-77.816545
Bactris gasipaes,4.565,-75.815278
Bactris gasipaes,11.036944,-73.7875
Bactris gasipaes,6.3175,-74.99
Bactris gasipaes,2.666667,-74.166667
Bactris gasipaes,11.187222,-73.408611
Bactris gasipaes,11.187222,-73.408611
Bactris gasipaes,11.187222,-73.408611
Bactris gasipaes,11.187222,-73.408611
Bactris gasipaes,11.187222,-73.408611
Bactris gasipaes,11.187222,-73.408611
Bactris gasipaes,-4.131389,-69.945556
Bactris gasipaes,2.510278,-72.785556
Bactris gasipaes,-4.165,-69.937778
Bactris gasipaes,4.093611,-76.044722
Bactris gasipaes,-12.510287,-68.979845
Bactris gasipaes,-13.231602,-70.754616
Bactris gasipaes,2.430698,-76.482989
Bactris gasipaes,-1.506901,-79.269276
Bactris gasipaes,-1.445699,-79.273373
Bactris gasipaes,-1.514285,-79.479471
Bactris gasipaes,-1.352551,-79.87872
Bactris gasipaes,5.32952,-74.6006
Bactris gasipaes,5.32952,-74.6006
Bactris gasipaes,5.43566,-74.43552
Bactris gasipaes,5.75582,-76.193791
Bactris gasipaes,4.115222,-76.083333
Bactris gasipaes,4.764944,-76.018944
Bactris gasipaes,4.401944,-75.926667
Bactris gasipaes,-1.076417,-69.517708
Bactris gasipaes,3.8811,-72.8667
Bactris gasipaes,5.05417,-72.79547
Bactris gasipaes,-6.5264,-77.5186
Bactris gasipaes,-9.62,-74.93
Bactris gasipaes,-0.23,-79.13
Bactris gasipaes,9.83,-72.83
Bactris gasipaes,9.83,-72.83
Bactris gasipaes,-0.33,-79.75
Bactris gasipaes,-5.2917,-73.1639
Bactris gasipaes,11.17,-73.5
Bactris gasipaes,-12.83,-69.28
Bactris gasipaes,-4.5,-78.5
Bactris gasipaes,9.5917,-72.8986
Bactris gasipaes,-4.5,-78.5
Bactris gasipaes,11.25,-73.5
Bactris gasipaes,-0.338972,-76.831835
Bactris gasipaes,1.92,-67
Bactris gasipaes,1.25,-78.67
Bactris gasipaes,-5.2917,-73.1639
Bactris gasipaes,8.22,-70.73
Bactris gasipaes,-0.950933,-77.808332
Bactris gasipaes,-11.83,-71.42
Bactris gasipaes,0.77,-78.9
Bactris gasipaes,8.7,-70.3
Bactris gasipaes,-10.3767,-75.0717
Bactris gasipaes,-6.5264,-77.5186
Bactris gasipaes,0.46537,-76.247579
Bactris gasipaes,-0.083333,-79.033333
Bactris gasipaes,-0.083333,-79.033333
Bactris gasipaes,0.083333,-79.033333
Bactris gasipaes,0.083333,-79.033333
Bactris gasipaes,-0.233333,-79.133333
Bactris gasipaes,4.434444,-75.927778
Bactris gasipaes,-0.334722,-79.840278
Bactris gasipaes,7.514167,-73.420278
Bactris gasipaes,5.684722,-77.030278
Bactris gasipaes,-1.692778,-72.586944
Bactris gasipaes,7.03,-72.203056
Bactris gasipaes,7.03,-72.203056
Bactris gasipaes,7.03,-72.203056
Bactris gasipaes,7.03,-72.203056
Bactris gasipaes,7.03,-72.203056
Bactris gasipaes,7.03,-72.203056
Bactris gasipaes,7.03,-72.203056
Bactris gasipaes,7.03,-72.203056
Bactris gasipaes,7.03,-72.203056
Bactris gasipaes,0.144444,-75.841389
Bactris gasipaes,7.03,-72.203056
Bactris gasipaes,7.03,-72.203056
Bactris gasipaes,0.144444,-75.841389
Bactris gasipaes,7.03,-72.203056
Bactris gasipaes,0.144444,-75.841389
Bactris gasipaes,0.144444,-75.841389
Bactris gasipaes,0.144444,-75.841389
Bactris gasipaes,6.688056,-75.185278
Bactris gasipaes,6.720278,-75.111944
Bactris gasipaes,1.246667,-70.237222
Bactris gasipaes,1.246667,-70.237222
Bactris gasipaes,0.144444,-75.841389
Bactris gasipaes,6.688056,-75.185278
Bactris gasipaes,1.246667,-70.237222
Bactris gasipaes,6.688056,-75.185278
Bactris gasipaes,5.098611,-76.695833
Bactris gasipaes,5.981667,-75.715556
Bactris gasipaes,5.307778,-76.47
Bactris gasipaes,5.307778,-76.47
Bactris gasipaes,5.307778,-76.47
Bactris gasipaes,5.307778,-76.47
Bactris gasipaes,5.307778,-76.47
Bactris gasipaes,5.307778,-76.47
Bactris gasipaes,7.336111,-76.488611
Bactris gasipaes,7.336111,-76.488611
Bactris gasipaes,7.336111,-76.488611
Bactris gasipaes,7.336111,-76.488611
Bactris gasipaes,7.336111,-76.488611
Bactris gasipaes,7.336111,-76.488611
Bactris gasipaes,7.336111,-76.488611
Bactris gasipaes,5.981667,-75.715556
Bactris gasipaes,5.743056,-76.2875
Bactris gasipaes,5.743056,-76.2875
Bactris gasipaes,5.981667,-75.715556
Bactris gasipaes,5.743056,-76.2875
Bactris gasipaes,5.743056,-76.2875
Bactris gasipaes,5.981667,-75.715556
Bactris gasipaes,5.981667,-75.715556
Bactris gasipaes,11.166667,-73.5
Bactris gasipaes,11.166667,-73.5
Bactris gasipaes,-0.644444,-72.305
Bactris gasipaes,9.562778,-75.439722
Bactris gasipaes,9.562778,-75.439722
Bactris gasipaes,9.562778,-75.439722
Bactris gasipaes,9.562778,-75.439722
Bactris gasipaes,9.562778,-75.439722
Bactris gasipaes,1.287222,-78.0825
Bactris gasipaes,1.287222,-78.0825
Bactris gasipaes,8.604167,-72.928611
Bactris gasipaes,8.604167,-72.928611
Bactris gasipaes,3.091389,-77.541389
Bactris gasipaes,3.091389,-77.541389
Bactris gasipaes,3.092778,-77.537222
Bactris gasipaes,3.091389,-77.541389
Bactris gasipaes,3.091389,-77.541389
Bactris gasipaes,3.091389,-77.541389
Bactris gasipaes,1.246667,-70.237222
Bactris gasipaes,4.0725,-77.086111
Bactris gasipaes,4.0725,-77.086111
Bactris gasipaes,1.246667,-70.237222
Bactris gasipaes,4.0725,-77.086111
Bactris gasipaes,4.0725,-77.086111
Bactris gasipaes,1.246667,-70.237222
Bactris gasipaes,4.0725,-77.086111
Bactris gasipaes,4.0725,-77.086111
Bactris gasipaes,4.0725,-77.086111
Bactris gasipaes,4.0725,-77.086111
Bactris gasipaes,4.929722,-76.360833
Bactris gasipaes,4.929722,-76.360833
Bactris gasipaes,4.957222,-77.351667
Bactris gasipaes,4.957222,-77.351667
Bactris gasipaes,4.093611,-76.044722
Bactris gasipaes,4.164167,-76.343611
Bactris gasipaes,5.249546,-75.580418
Bactris gasipaes,5.249546,-75.580418
Bactris gasipaes,5.249546,-75.580418
Bactris gasipaes,10.59345,-74.24384
Bactris gasipaes,-2.317222,-80.015833
Bactris gasipaes,9.8725,-74.980917
Bactris gasipaes,9.8725,-74.980917
Bactris gasipaes,9.8725,-74.980917
Bactris gasipaes,9.8725,-74.980917
Bactris gasipaes,11.2165,-73.440639
Bactris gasipaes,9.8725,-74.980917
Bactris gasipaes,9.929111,-75.168111
Bactris gasipaes,11.2165,-73.440639
Bactris gasipaes,4.58026,-75.8645
Bactris gasipaes,4.44055,-75.76989
Bactris gasipaes,4.58862,-75.85576
Bactris gasipaes,5.054167,-72.795472
Bactris gasipaes,4.988008,-75.597435
Bactris gasipaes,3.73325,-76.690583
Bactris gasipaes,7.234111,-73.247833
Bactris gasipaes,5.98167,-75.7156
Bactris gasipaes,7.33611,-76.4886
Bactris gasipaes,7.33611,-76.4886
Bactris gasipaes,7.33611,-76.4886
Bactris gasipaes,7.33611,-76.4886
Bactris gasipaes,7.33611,-76.4886
Bactris gasipaes,5.98167,-75.7156
Bactris gasipaes,5.98167,-75.7156
Bactris gasipaes,5.98167,-75.7156
Bactris gasipaes,7.33611,-76.4886
Bactris gasipaes,5.98167,-75.7156
Bactris gasipaes,7.33611,-76.4886
Bactris gasipaes,-4.12139,-69.95
Bactris gasipaes,-0.644444,-72.305
Bactris gasipaes,9.883339,-75.199972
Bactris gasipaes,11.248761,-73.66724
Bactris gasipaes,4.930776,-76.367974
Bactris gasipaes,-4.46666,-78.16666
Bactris gasipaes,-4.46666,-78.16666
Bactris gasipaes,-4.5,-78.5
Bactris gasipaes,3.63333,-76.86666
Bactris gasipaes,4.3,-75.96666
Bactris gasipaes,-10.37666,-75.07166
Bactris gasipaes,-1.2,-78.883333
Bactris gasipaes,-12.81666,-69.3
Bactris gasipaes,-11.833333,-71.416667
Bactris gasipaes,-0.33333,-79.75
Bactris gasipaes,0.76666,-78.9
Bactris gasipaes,-0.66666,-80.06666
Bactris gasipaes,0.96666,-78.33333
Bactris gasipaes,0.96666,-78.28333
Bactris gasipaes,11.25,-73.5
Bactris gasipaes,0.08333,-77.43333
Bactris gasipaes,5.88333,-74.65
Bactris gasipaes,-10.08333,-75.58333
Bactris gasipaes,-0.9,-77.81666
Bactris gasipaes,-1.4,-78.2
Bactris gasipaes,-0.03333,-76.7
Bactris gasipaes,-0.533333,-76.383333
Bactris gasipaes,-1.06666,-77.6
Bactris gasipaes,-4.26666,-78.61666
Bactris gasipaes,-0.23333,-79.13333
Bactris gasipaes,-2.63333,-78.21666
Bactris gasipaes,-3.68333,-79.63333
Bactris gasipaes,-0.3,-76.86666
Bactris gasipaes,-0.73333,-79.46666
Bactris gasipaes,-4.33222,-78.68055
Bactris gasipaes,-1.0425,-76.886389
Bactris gasipaes,-0.4,-76.53333
Bactris gasipaes,-1.0425,-76.88638
Bactris gasipaes,-0.6625,-76.66666
Bactris gasipaes,-0.95,-77.91666
Bactris gasipaes,-10.18333,-75.56666
Bactris gasipaes,-0.58333,-79.36666
Bactris gasipaes,-1.05,-80.88333
Bactris gasipaes,-5.031944,-78.428333
Bactris gasipaes,-2.15,-79.98333
Bactris gasipaes,-6.526333,-77.518611
Bactris gasipaes,-3.03867,-78.0964
Bactris gasipaes,-3.03867,-78.0964
Bactris gasipaes,-3.03867,-78.0964
Bactris gasipaes,-3.4525,-78.5811
Bactris gasipaes,-3.4525,-78.5811
Bactris gasipaes,-2.30511,-78.1147
Bactris gasipaes,-2.30511,-78.1147
Bactris gasipaes,-2.30511,-78.1147
Bactris gasipaes,-2.30511,-78.1147
Bactris gasipaes,-2.30511,-78.1147
Bactris gasipaes,-4.32833,-78.67
Bactris gasipaes,-4.32833,-78.67
Bactris gasipaes,-4.32833,-78.67
Bactris gasipaes,-4.31583,-78.6656
Bactris gasipaes,-4.31583,-78.6656
Bactris gasipaes,-4.31583,-78.6656
Bactris gasipaes,6,-77
Bactris gasipaes,6,-77
Bactris gasipaes,6,-77
Bactris gasipaes,6,-77
Bactris gasipaes,6,-77
Bactris gasipaes,6,-77
Bactris gasipaes,3.1125,-76.599139
Bactris gasipaes,4.385025,-76.060769
Bactris gasipaes,-9.163761,-74.375627
Bactris gasipaes,4.855008,-75.883914
Bactris gasipaes,4.855008,-75.883914
Bactris gasipaes,4.855008,-75.883914
Bactris gasipaes,4.855008,-75.883914
Bactris gasipaes,-5.989075439,-76.25227328
Bactris gasipaes,-5.895921853,-76.22708888
Bactris gasipaes,-5.903024811,-76.18812988
Bactris gasipaes,-5.903024811,-76.18812988
Bactris gasipaes,-5.895921853,-76.22708888
Bactris gasipaes,-5.989075439,-76.25227328
Bactris gasipaes,-5.998480462,-76.25663093
Bactris gasipaes,-5.895921853,-76.22708888
Bactris gasipaes,-5.895921853,-76.22708888
Bactris gasipaes,-5.989075439,-76.25227328
Bactris gasipaes,-5.903024811,-76.18812988
Bactris gasipaes,-5.989075439,-76.25227328
Bactris gasipaes,-5.895921853,-76.22708888
Bactris gasipaes,-5.903024811,-76.18812988
Bactris gasipaes,-5.895921853,-76.22708888
Bactris gasipaes,-5.895921853,-76.22708888
Bactris gasipaes,-5.998480462,-76.25663093
Bactris gasipaes,-5.998480462,-76.25663093
Bactris gasipaes,-5.989075439,-76.25227328
Bactris gasipaes,-5.989075439,-76.25227328
Bactris gasipaes,-5.998480462,-76.25663093
Bactris gasipaes,-5.989075439,-76.25227328
Bactris gasipaes,-5.989075439,-76.25227328
Bactris gasipaes,-5.903024811,-76.18812988
Bactris gasipaes,-5.895921853,-76.22708888
Bactris gasipaes,-5.903024811,-76.18812988
Bactris gasipaes,-5.903024811,-76.18812988
Bactris gasipaes,-5.895921853,-76.22708888
Bactris gasipaes,-5.903024811,-76.18812988
Bactris gasipaes,-5.989075439,-76.25227328
Bactris gasipaes,-5.895921853,-76.22708888
Bactris gasipaes,-5.989075439,-76.25227328
Bactris gasipaes,-5.895921853,-76.22708888
Bactris gasipaes,-5.895921853,-76.22708888
Bactris gasipaes,-5.989075439,-76.25227328
Bactris gasipaes,-5.989075439,-76.25227328
Bactris gasipaes,-5.998480462,-76.25663093
Bactris gasipaes,-5.895921853,-76.22708888
Bactris gasipaes,-5.998480462,-76.25663093
Bactris gasipaes,-5.895921853,-76.22708888
Bactris gasipaes,-5.989075439,-76.25227328
Bactris gasipaes,-5.998480462,-76.25663093
Bactris gasipaes,-5.903024811,-76.18812988
Bactris gasipaes,-5.895921853,-76.22708888
Bactris gasipaes,-8.453173974,-75.10328494
Bactris gasipaes,-8.350450521,-74.85413678
Bactris gasipaes,-8.453173974,-75.10328494
Bactris gasipaes,-8.453173974,-75.10328494
Bactris gasipaes,-8.453173974,-75.10328494
Bactris gasipaes,-6.013426357,-76.24659226
Bactris gasipaes,-5.903448462,-76.18456297
Bactris gasipaes,-6.001892133,-76.25180565
Bactris gasipaes,-8.453173974,-75.10328494
Bactris gasipaes,-6.001892133,-76.25180565
Bactris gasipaes,-8.453173974,-75.10328494
Bactris gasipaes,-8.453173974,-75.10328494
Bactris gasipaes,-8.453173974,-75.10328494
Bactris gasipaes,-8.453173974,-75.10328494
Bactris gasipaes,-6.013426357,-76.24659226
Bactris gasipaes,-6.001892133,-76.25180565
Bactris gasipaes,-8.453173974,-75.10328494
Bactris gasipaes,-6.013426357,-76.24659226
Bactris gasipaes,-6.001892133,-76.25180565
Bactris gasipaes,-8.865097503,-75.1473973
Bactris gasipaes,-6.001892133,-76.25180565
Bactris gasipaes,-6.013426357,-76.24659226
Bactris gasipaes,-8.453173974,-75.10328494
Bactris gasipaes,-8.350450521,-74.85413678
Bactris gasipaes,-8.453173974,-75.10328494
Bactris gasipaes,-6.001892133,-76.25180565
Bactris gasipaes,-6.013426357,-76.24659226
Bactris gasipaes,-6.013426357,-76.24659226
Bactris gasipaes,-5.903448462,-76.18456297
Bactris gasipaes,-8.453173974,-75.10328494
Bactris gasipaes,-8.546785592,-75.0487699
Bactris gasipaes,-5.903448462,-76.18456297
Bactris gasipaes,-6.013426357,-76.24659226
Bactris gasipaes,-8.350450521,-74.85413678
Bactris gasipaes,-8.453173974,-75.10328494
Bactris gasipaes,-8.865097503,-75.1473973
Bactris gasipaes,-5.903448462,-76.18456297
Bactris gasipaes,-8.350450521,-74.85413678
Bactris gasipaes,-8.350450521,-74.85413678
Bactris gasipaes,-8.453173974,-75.10328494
Bactris gasipaes,-6.001892133,-76.25180565
Bactris gasipaes,-8.453173974,-75.10328494
Bactris gasipaes,-6.001892133,-76.25180565
Bactris gasipaes,-8.453173974,-75.10328494
Bactris gasipaes,-8.453173974,-75.10328494
Bactris gasipaes,-8.865097503,-75.1473973
Bactris gasipaes,-8.453173974,-75.10328494
Bactris gasipaes,-5.903448462,-76.18456297
Bactris gasipaes,-8.350450521,-74.85413678
Bactris gasipaes,-6.001892133,-76.25180565
Bactris gasipaes,-8.453173974,-75.10328494
Bactris gasipaes,-8.350450521,-74.85413678
Bactris gasipaes,-6.001892133,-76.25180565
Bactris gasipaes,-6.001892133,-76.25180565
Bactris gasipaes,-8.350450521,-74.85413678
Bactris gasipaes,-6.001892133,-76.25180565
Bactris gasipaes,-6.013426357,-76.24659226
Bactris gasipaes,-8.865097503,-75.1473973
Bactris gasipaes,-8.453173974,-75.10328494
Bactris gasipaes,-8.453173974,-75.10328494
Bactris gasipaes,-8.453173974,-75.10328494
Bactris gasipaes,-8.453173974,-75.10328494
Bactris gasipaes,-6.001892133,-76.25180565
Bactris gasipaes,-8.453173974,-75.10328494
Bactris gasipaes,-8.453173974,-75.10328494
Bactris gasipaes,-5.903448462,-76.18456297
Bactris gasipaes,-8.853808941,-75.12301988
Bactris gasipaes,-8.453173974,-75.10328494
Bactris gasipaes,-5.903448462,-76.18456297
Bactris gasipaes,-6.001892133,-76.25180565
Bactris gasipaes,-8.453173974,-75.10328494
Bactris gasipaes,-8.453173974,-75.10328494
Bactris gasipaes,-5.903448462,-76.18456297
Bactris gasipaes,-8.453173974,-75.10328494
Bactris gasipaes,-8.350450521,-74.85413678
Bactris gasipaes,-6.013426357,-76.24659226
Bactris gasipaes,-8.453173974,-75.10328494
Bactris gasipaes,-8.865097503,-75.1473973
Bactris gasipaes,-8.453173974,-75.10328494
Bactris gasipaes,-8.453173974,-75.10328494
Bactris gasipaes,-8.453173974,-75.10328494
Bactris gasipaes,-5.903448462,-76.18456297
Bactris gasipaes,-8.453173974,-75.10328494
Bactris gasipaes,-8.453173974,-75.10328494
Bactris gasipaes,-8.350450521,-74.85413678
Bactris gasipaes,-8.350450521,-74.85413678
Bactris gasipaes,-8.453173974,-75.10328494
Bactris gasipaes,-8.453173974,-75.10328494
Bactris gasipaes,-8.453173974,-75.10328494
Bactris gasipaes,-8.453173974,-75.10328494
Bactris gasipaes,-8.453173974,-75.10328494
Bactris gasipaes,-6.001892133,-76.25180565
Bactris gasipaes,-8.453173974,-75.10328494
Bactris gasipaes,-6.013426357,-76.24659226
Bactris gasipaes,-8.453173974,-75.10328494
Bactris gasipaes,-8.865097503,-75.1473973
Bactris gasipaes,-6.001892133,-76.25180565
Bactris gasipaes,-8.453173974,-75.10328494
Bactris gasipaes,-8.453173974,-75.10328494
Bactris gasipaes,-6.013426357,-76.24659226
Bactris gasipaes,-8.453173974,-75.10328494
Bactris gasipaes,-8.453173974,-75.10328494
Bactris gasipaes,-8.453173974,-75.10328494
Bactris gasipaes,-8.453173974,-75.10328494
Bactris gasipaes,-5.903448462,-76.18456297
Bactris gasipaes,-8.453173974,-75.10328494
Bactris gasipaes,-8.853808941,-75.12301988
Bactris gasipaes,-8.865097503,-75.1473973
Bactris gasipaes,-8.865097503,-75.1473973
Bactris gasipaes,-8.453173974,-75.10328494
Bactris gasipaes,-8.453173974,-75.10328494
Bactris gasipaes,-5.903448462,-76.18456297
Bactris gasipaes,-8.453173974,-75.10328494
